,overall,vaccinationratio,populationratio,ratioofratio
0,overall,0.8840473477167838,0.9427446785050988,0.9377378285694588
