,id,vaccinateddose1ratio,vaccinateddose2ratio
0,overall,30.832125561879984,7.8030317823294775
